model_name,Train MSE,Test MSE,Train R²,Test R²
Linear Regression,0.5830720730956352,0.5880831105440727,0.7963951942080859,0.7943407560978971
Decision Tree,0.0,0.09592857142857143,1.0,0.9664527052131174
Random Forest,0.005448969642857142,0.039628149999999994,0.9980972568279428,0.9861415925400423
XGBoost,0.031261472348733305,0.04211533600519955,0.9890837073326111,0.9852718114852905
